manual_scoring	total	matched	recall
	2	1	0.5
1	69	33	0.4782608695652174
2	277	146	0.5270758122743683
3	273	120	0.43956043956043955
4	697	613	0.8794835007173601
5	426	396	0.9295774647887324
